Domain Name,Domain privacy protection status,Domain status at NC,Domain auto-renew status,Domain expiration date
adaptasiklhk.id,OFF,Alert,OFF,Jul 20 2026
akar69official.com,OFF,Grace,OFF,Jun 26 2026
akarofficial.com,OFF,Grace,OFF,Jun 25 2026
bkn.lol,ON,Active,ON,Mar 14 2027
bkpsdmcloud.id,OFF,Grace,OFF,Jul 05 2026
dennysiregar.id,OFF,Active,OFF,Sep 02 2026
getix.id,OFF,Active,OFF,Sep 08 2026
kapten69.it.com,ON,Active,OFF,May 27 2027
kaptenplayer.com,ON,Active,OFF,May 02 2027
koranmakassarnews.com,ON,Active,OFF,Apr 09 2027
myperpus.id,OFF,Active,OFF,Oct 05 2026
nasdemkalbar.id,OFF,Active,OFF,Sep 04 2026
pkvqq.id,OFF,Alert,OFF,Jul 24 2026
topcoupons.org,ON,Active,NA,Mar 09 2027
